match_id,steam_id,total_money_per_map,total_money
0,76561197960710573,70700.0,70700
0,76561197965021087,60300.0,60300
0,76561197996370184,58700.0,58700
0,76561198013243326,72100.0,72100
0,76561198016432560,69500.0,69500
0,76561198037812456,72800.0,72800
0,76561198043769572,60600.0,60600
0,76561198058500492,60300.0,60300
0,76561198114929868,69300.0,69300
0,76561198164970560,62100.0,62100
71154,76561198020474058,68025.0,136050
71154,76561198039794524,66200.0,132400
71154,76561198089905186,70850.0,141700
71154,76561198094514426,1400.0,1400
71154,76561198132385509,69950.0,139900
71154,76561198135415618,66650.0,133300
71154,76561198141759568,68150.0,136300
71154,76561198203239207,72750.0,145500
71154,76561198210934463,73800.0,147600
71154,76561198231480708,1700.0,1700
71154,76561198276534844,66350.0,132700
71154,76561198376077082,73925.0,147850
71155,76561197994380596,68725.0,137450
71155,76561198003142163,68375.0,136750
71155,76561198010496342,70825.0,141650
71155,76561198015308884,63625.0,127250
71155,76561198025578864,60525.0,121050
71155,76561198036884160,61575.0,123150
71155,76561198054820484,71025.0,142050
71155,76561198067763828,70525.0,141050
71155,76561198130490651,62625.0,125250
71155,76561198249302730,63725.0,127450
71156,76561198032999467,80050.0,160100
71156,76561198061787931,75500.0,151000
71156,76561198061971891,76400.0,152800
71156,76561198067197966,77300.0,154600
71156,76561198124141035,79750.0,159500
71156,76561198153580037,78150.0,156300
71156,76561198162408395,82100.0,164200
71156,76561198233075160,80800.0,161600
71156,76561198353869335,76900.0,153800
71156,76561198976995212,73500.0,147000
71157,76561197968809739,77100.0,231300
71157,76561198048174130,76566.66666666667,229700
71157,76561198068647874,75033.33333333333,225100
71157,76561198074461526,77366.66666666667,232100
71157,76561198086253541,76400.0,229200
71157,76561198124872474,75933.33333333333,227800
71157,76561198147414643,75866.66666666667,227600
71157,76561198260998400,77400.0,232200
71157,76561198273434890,76433.33333333333,229300
71157,76561198294067334,75933.33333333333,227800
71158,76561197967180708,73516.66666666667,220550
71158,76561197986522194,77950.0,233850
71158,76561198029235071,74583.33333333333,223750
71158,76561198052394260,78583.33333333333,235750
71158,76561198066983877,73950.0,221850
71158,76561198124022613,73883.33333333333,221650
71158,76561198131439566,73183.33333333333,219550
71158,76561198272012791,76716.66666666667,230150
71158,76561198424351549,76950.0,230850
71158,76561198862150627,75650.0,226950
71159,76561197979669175,81025.0,162050
71159,76561197990682262,78075.0,156150
71159,76561198000664245,73950.0,147900
71159,76561198010511021,77975.0,155950
71159,76561198024248129,76575.0,153150
71159,76561198028458803,80775.0,161550
71159,76561198137761601,75850.0,151700
71159,76561198167125683,75600.0,151200
71159,76561198252434500,76350.0,152700
71159,76561198283989223,73750.0,147500
71160,76561198093550552,73900.0,73900
71160,76561198116296213,73300.0,73300
71160,76561198118747221,76300.0,76300
71160,76561198121512116,80000.0,80000
71160,76561198128463598,80200.0,80200
71160,76561198147656930,72800.0,72800
71160,76561198441362330,80100.0,80100
71160,76561198823425843,79500.0,79500
71160,76561198959824088,81900.0,81900
71160,76561199167979664,74000.0,74000
71161,76561197996678278,73475.0,146950
71161,76561197999004010,66975.0,133950
71161,76561198004115516,72675.0,145350
71161,76561198022365638,75075.0,150150
71161,76561198023592320,67075.0,134150
71161,76561198054861139,67025.0,134050
71161,76561198054870849,68175.0,136350
71161,76561198064864198,77525.0,155050
71161,76561198156353883,66775.0,133550
71161,76561198160709585,74875.0,149750
71162,76561198024500837,106200.0,212400
71162,76561198029535730,107250.0,214500
71162,76561198033152432,105525.0,211050
71162,76561198046438211,106600.0,213200
71162,76561198053792941,108850.0,217700
71162,76561198076204322,103850.0,207700
71162,76561198077824240,61850.0,61850
71162,76561198100733569,69800.0,139600
71162,76561198147205437,105175.0,210350
71162,76561198996491569,105775.0,211550
71162,76561199161452558,108475.0,216950
71163,76561198035510513,82775.0,165550
71163,76561198062114681,83275.0,166550
71163,76561198071291375,82575.0,165150
71163,76561198084163512,85800.0,171600
71163,76561198094488464,83200.0,166400
71163,76561198123400196,86650.0,173300
71163,76561198129824467,84650.0,169300
71163,76561198201554338,88450.0,176900
71163,76561198803032451,80575.0,161150
71163,76561199046478501,84975.0,169950
71164,76561198021715100,86050.0,172100
71164,76561198034202275,87725.0,175450
71164,76561198044045107,91175.0,182350
71164,76561198064058958,83250.0,166500
71164,76561198121220486,89975.0,179950
71164,76561198191236195,84700.0,169400
71164,76561198246607476,89875.0,179750
71164,76561198272723319,87200.0,174400
71164,76561198306519263,87850.0,175700
71164,76561198359519930,87025.0,174050
71165,76561198003756239,77350.0,77350
71165,76561198020624803,69900.0,69900
71165,76561198026618874,77650.0,77650
71165,76561198040577200,70700.0,70700
71165,76561198052775739,74950.0,74950
71165,76561198084607254,69900.0,69900
71165,76561198107142008,73900.0,73900
71165,76561198176878303,71200.0,71200
71165,76561198327980204,78850.0,78850
71165,76561198845436666,77050.0,77050
71166,76561197979820713,91833.33333333333,275500
71166,76561198013295375,93166.66666666667,279500
71166,76561198031890115,89700.0,269100
71166,76561198035581101,89400.0,268200
71166,76561198047876970,91500.0,274500
71166,76561198071702537,89766.66666666667,269300
71166,76561198085355849,92100.0,276300
71166,76561198150625317,92433.33333333333,277300
71166,76561198168198200,89700.0,269100
71166,76561198260883606,91566.66666666667,274700
71167,76561198032999467,73300.0,146600
71167,76561198089905186,75475.0,150950
71167,76561198124141035,75150.0,150300
71167,76561198132385509,73925.0,147850
71167,76561198153580037,73650.0,147300
71167,76561198162408395,72400.0,144800
71167,76561198203239207,76625.0,153250
71167,76561198210934463,79325.0,158650
71167,76561198233075160,72100.0,144200
71167,76561198376077082,76175.0,152350
71168,76561197968809739,64566.666666666664,193700
71168,76561197986522194,68900.0,206700
71168,76561198048174130,62733.333333333336,188200
71168,76561198052394260,68566.66666666667,205700
71168,76561198068647874,63100.0,189300
71168,76561198074461526,64500.0,193500
71168,76561198086253541,63666.666666666664,191000
71168,76561198272012791,67033.33333333333,201100
71168,76561198424351549,67800.0,203400
71168,76561198862150627,67133.33333333333,201400
71169,76561197967516987,65500.0,131000
71169,76561197977148799,68650.0,137300
71169,76561197992220633,65100.0,130200
71169,76561197993724724,59050.0,118100
71169,76561198049479497,59000.0,118000
71169,76561198139517277,66850.0,133700
71169,76561198148130529,67450.0,134900
71169,76561198242008362,57200.0,114400
71169,76561198279418200,58950.0,117900
71169,76561198820328961,58200.0,116400
71170,76561197996678278,64375.0,128750
71170,76561198000664245,56850.0,113700
71170,76561198004115516,62725.0,125450
71170,76561198022365638,62325.0,124650
71170,76561198064864198,64025.0,128050
71170,76561198137761601,56300.0,112600
71170,76561198160709585,63625.0,127250
71170,76561198167125683,56850.0,113700
71170,76561198252434500,59500.0,119000
71170,76561198283989223,58150.0,116300
71171,76561198002708642,72225.0,144450
71171,76561198016194159,72725.0,145450
71171,76561198017015164,71725.0,143450
71171,76561198024500837,68200.0,136400
71171,76561198029535730,68900.0,137800
71171,76561198046438211,67100.0,134200
71171,76561198053792941,68750.0,137500
71171,76561198076204322,67150.0,134300
71171,76561198153651861,71725.0,143450
71171,76561198166157419,71475.0,142950
71172,76561197963429969,103500.0,103500
71172,76561197980539257,99600.0,99600
71172,76561198009341865,94300.0,94300
71172,76561198014818598,100800.0,100800
71172,76561198077608198,103200.0,103200
71172,76561198085380858,97300.0,97300
71172,76561198170577338,101600.0,101600
71172,76561198231549032,100300.0,100300
71172,76561198245783634,96500.0,96500
71172,76561198833874690,105000.0,105000
71173,76561198013230247,97050.0,97050
71173,76561198048266764,98050.0,98050
71173,76561198072083240,99750.0,99750
71173,76561198121512116,97050.0,97050
71173,76561198128463598,92650.0,92650
71173,76561198151914303,97750.0,97750
71173,76561198403715595,97350.0,97350
71173,76561198441362330,92550.0,92550
71173,76561198823425843,95350.0,95350
71173,76561198959824088,96750.0,96750
71174,76561198018474860,81266.66666666667,243800
71174,76561198025749082,82866.66666666667,248600
71174,76561198076621599,72816.66666666667,218450
71174,76561198130696658,74616.66666666667,223850
71174,76561198138346717,75583.33333333333,226750
71174,76561198159295202,81866.66666666667,245600
71174,76561198164926020,78933.33333333333,236800
71174,76561198168694063,80866.66666666667,242600
71174,76561198179278254,75016.66666666667,225050
71174,76561198344226986,74216.66666666667,222650
71175,76561198033438750,69625.0,139250
71175,76561198035510513,61150.0,122300
71175,76561198062114681,60650.0,121300
71175,76561198065294895,69725.0,139450
71175,76561198071291375,61150.0,122300
71175,76561198134164683,67375.0,134750
71175,76561198169560297,69775.0,139550
71175,76561198215434685,69175.0,138350
71175,76561198803032451,59850.0,119700
71175,76561199046478501,62400.0,124800
71176,76561197999004010,76966.66666666667,230900
71176,76561198021715100,74816.66666666667,224450
71176,76561198023592320,76066.66666666667,228200
71176,76561198054861139,75766.66666666667,227300
71176,76561198054870849,75500.0,226500
71176,76561198064058958,74383.33333333333,223150
71176,76561198156353883,75166.66666666667,225500
71176,76561198191236195,77516.66666666667,232550
71176,76561198272723319,75016.66666666667,225050
71176,76561198306519263,75650.0,226950
71177,76561198015208369,74666.66666666667,224000
71177,76561198018211001,79100.0,237300
71177,76561198069567550,75933.33333333333,227800
71177,76561198102158293,79133.33333333333,237400
71177,76561198129793636,79066.66666666667,237200
71177,76561198130153710,75766.66666666667,227300
71177,76561198170267106,73566.66666666667,220700
71177,76561198217764976,75933.33333333333,227800
71177,76561198237043662,75466.66666666667,226400
71177,76561198316213980,78800.0,236400
71178,76561198079183361,72716.66666666667,218150
71178,76561198093816306,73216.66666666667,219650
71178,76561198138425037,75666.66666666667,227000
71178,76561198152419994,72116.66666666667,216350
71178,76561198157961577,73733.33333333333,221200
71178,76561198158709510,78100.0,234300
71178,76561198160115091,71750.0,215250
71178,76561198199480329,75200.0,225600
71178,76561198205517292,78033.33333333333,234100
71178,76561198347909753,72250.0,216750
71179,76561197978321481,65616.66666666667,196850
71179,76561197994395491,65816.66666666667,197450
71179,76561197997981170,67283.33333333333,201850
71179,76561198012987839,67683.33333333333,203050
71179,76561198013295375,69033.33333333333,207100
71179,76561198031890115,70233.33333333333,210700
71179,76561198035581101,67933.33333333333,203800
71179,76561198047402862,65083.333333333336,195250
71179,76561198047876970,69766.66666666667,209300
71179,76561198168198200,70933.33333333333,212800
71180,76561197974106188,79100.0,158200
71180,76561198003756239,73450.0,146900
71180,76561198026618874,74900.0,149800
71180,76561198027648194,77450.0,154900
71180,76561198052775739,74400.0,148800
71180,76561198064010365,75250.0,150500
71180,76561198144926364,77200.0,154400
71180,76561198327068178,77150.0,154300
71180,76561198327980204,74000.0,148000
71180,76561198845436666,73400.0,146800
71181,76561197979669175,72683.33333333333,218050
71181,76561197990682262,71816.66666666667,215450
71181,76561198010511021,72316.66666666667,216950
71181,76561198024248129,70616.66666666667,211850
71181,76561198028458803,73683.33333333333,221050
71181,76561198034202275,79816.66666666667,239450
71181,76561198044045107,78750.0,236250
71181,76561198121220486,79583.33333333333,238750
71181,76561198146207066,78250.0,234750
71181,76561198246607476,78050.0,234150
71182,76561198018474860,62100.0,124200
71182,76561198025749082,64850.0,129700
71182,76561198079183361,61450.0,122900
71182,76561198093816306,61650.0,123300
71182,76561198152419994,61450.0,122900
71182,76561198159295202,63050.0,126100
71182,76561198160115091,62250.0,124500
71182,76561198164926020,61250.0,122500
71182,76561198168694063,63150.0,126300
71182,76561198347909753,61400.0,122800
71183,76561197992382988,76800.0,230400
71183,76561198007131317,64816.666666666664,194450
71183,76561198034241132,75733.33333333333,227200
71183,76561198043882667,75833.33333333333,227500
71183,76561198128804839,77333.33333333333,232000
71183,76561198132948107,76450.0,229350
71183,76561198145599897,76083.33333333333,228250
71183,76561198278441856,77716.66666666667,233150
71183,76561198423423861,38050.0,38050
71183,76561198950367286,77550.0,232650
71183,76561199241953370,76150.0,228450
71184,76561198027229236,93100.0,93100
71184,76561198061423730,86650.0,86650
71184,76561198120646382,94400.0,94400
71184,76561198130114333,90300.0,90300
71184,76561198131356591,85350.0,85350
71184,76561198161674889,90400.0,90400
71184,76561198242601266,89500.0,89500
71184,76561198348587735,91150.0,91150
71184,76561198842550599,90150.0,90150
71184,76561198855876580,88650.0,88650
71185,76561198015308884,72925.0,145850
71185,76561198025578864,71325.0,142650
71185,76561198036884160,73025.0,146050
71185,76561198089905186,74800.0,149600
71185,76561198130490651,69775.0,139550
71185,76561198132385509,73450.0,146900
71185,76561198203239207,77950.0,155900
71185,76561198210934463,75800.0,151600
71185,76561198249302730,71625.0,143250
71185,76561198376077082,78850.0,157700
71186,76561197967180708,71350.0,71350
71186,76561198029235071,75950.0,75950
71186,76561198066983877,73650.0,73650
71186,76561198124022613,72950.0,72950
71186,76561198124872474,81550.0,81550
71186,76561198131439566,70550.0,70550
71186,76561198147414643,77350.0,77350
71186,76561198260998400,76650.0,76650
71186,76561198273434890,77550.0,77550
71186,76561198294067334,74650.0,74650
71187,76561197986522194,89933.33333333333,269800
71187,76561197993724724,89150.0,267450
71187,76561198049479497,89216.66666666667,267650
71187,76561198052394260,90666.66666666667,272000
71187,76561198242008362,85916.66666666667,257750
71187,76561198272012791,88433.33333333333,265300
71187,76561198279418200,86550.0,259650
71187,76561198424351549,89366.66666666667,268100
71187,76561198820328961,85316.66666666667,255950
71187,76561198862150627,87866.66666666667,263600
71188,76561197976393269,79300.0,158600
71188,76561198002051785,81200.0,162400
71188,76561198013230247,78800.0,157600
71188,76561198048266764,79800.0,159600
71188,76561198072083240,79950.0,159900
71188,76561198108796479,82200.0,164400
71188,76561198151914303,76850.0,153700
71188,76561198364937038,81200.0,162400
71188,76561198403715595,79500.0,159000
71188,76561198445796842,79950.0,159900
71189,76561198024500837,77566.66666666667,232700
71189,76561198029535730,76200.0,228600
71189,76561198035510513,80450.0,241350
71189,76561198046438211,77033.33333333333,231100
71189,76561198053792941,77300.0,231900
71189,76561198062114681,77350.0,232050
71189,76561198071291375,78383.33333333333,235150
71189,76561198076204322,75766.66666666667,227300
71189,76561198803032451,75416.66666666667,226250
71189,76561199046478501,78650.0,235950
71190,76561198009341865,73300.0,146600
71190,76561198018211001,79500.0,159000
71190,76561198085380858,76950.0,153900
71190,76561198102158293,78800.0,157600
71190,76561198129793636,77500.0,155000
71190,76561198130153710,79300.0,158600
71190,76561198170577338,75600.0,151200
71190,76561198231549032,76900.0,153800
71190,76561198245783634,72900.0,145800
71190,76561198316213980,78300.0,156600
71191,76561197974106188,76775.0,153550
71191,76561198027648194,80375.0,160750
71191,76561198054042778,83075.0,166150
71191,76561198064010365,77175.0,154350
71191,76561198072279954,79425.0,158850
71191,76561198080114546,83125.0,166250
71191,76561198144926364,78425.0,156850
71191,76561198197951546,81525.0,163050
71191,76561198222442504,83025.0,166050
71191,76561198327068178,78575.0,157150
71192,76561198002708642,76300.0,152600
71192,76561198016194159,75900.0,151800
71192,76561198017015164,76700.0,153400
71192,76561198033438750,71275.0,142550
71192,76561198065294895,66625.0,133250
71192,76561198134164683,70375.0,140750
71192,76561198153651861,72600.0,145200
71192,76561198166157419,77400.0,154800
71192,76561198169560297,68725.0,137450
71192,76561198215434685,70525.0,141050
71193,76561197996678278,61575.0,123150
71193,76561198004115516,60825.0,121650
71193,76561198022365638,61825.0,123650
71193,76561198034202275,68400.0,136800
71193,76561198044045107,69600.0,139200
71193,76561198064864198,60825.0,121650
71193,76561198121220486,68650.0,137300
71193,76561198146207066,67950.0,135900
71193,76561198160709585,61025.0,122050
71193,76561198246607476,68800.0,137600
71194,76561197999004010,74800.0,149600
71194,76561198000664245,79425.0,158850
71194,76561198023592320,73800.0,147600
71194,76561198054861139,75150.0,150300
71194,76561198054870849,74150.0,148300
71194,76561198137761601,80975.0,161950
71194,76561198156353883,74350.0,148700
71194,76561198167125683,76125.0,152250
71194,76561198252434500,81675.0,163350
71194,76561198283989223,75925.0,151850
71195,76561197979669175,84583.33333333333,253750
71195,76561197990682262,82483.33333333333,247450
71195,76561198010511021,82616.66666666667,247850
71195,76561198021715100,79150.0,237450
71195,76561198024248129,81816.66666666667,245450
71195,76561198028458803,84216.66666666667,252650
71195,76561198064058958,78616.66666666667,235850
71195,76561198191236195,80050.0,240150
71195,76561198272723319,81450.0,244350
71195,76561198306519263,81916.66666666667,245750
71196,76561198091947107,86900.0,173800
71196,76561198098166757,86200.0,172400
71196,76561198132948107,88725.0,177450
71196,76561198137897027,83900.0,167800
71196,76561198145599897,89425.0,178850
71196,76561198169934019,86800.0,173600
71196,76561198278441856,87775.0,175550
71196,76561198396338183,85950.0,171900
71196,76561198950367286,87475.0,174950
71196,76561199241953370,90325.0,180650
71197,76561198013295375,74550.0,223650
71197,76561198031890115,75016.66666666667,225050
71197,76561198035581101,75550.0,226650
71197,76561198047876970,75750.0,227250
71197,76561198116523276,69566.66666666667,208700
71197,76561198156362373,69966.66666666667,209900
71197,76561198168198200,74850.0,224550
71197,76561198174263909,69933.33333333333,209800
71197,76561198287546191,70033.33333333333,210100
71197,76561198362970723,70366.66666666667,211100
71198,76561198061423730,68725.0,137450
71198,76561198078729750,63800.0,127600
71198,76561198131356591,68075.0,136150
71198,76561198174005827,63450.0,126900
71198,76561198332320607,64000.0,128000
71198,76561198348587735,65825.0,131650
71198,76561198416814570,63050.0,126100
71198,76561198842550599,70375.0,140750
71198,76561198855876580,71375.0,142750
71198,76561199016517194,62950.0,125900
71199,76561197967516987,71350.0,142700
71199,76561197977148799,69600.0,139200
71199,76561197986522194,61850.0,123700
71199,76561197992220633,69550.0,139100
71199,76561198052394260,61450.0,122900
71199,76561198139517277,70850.0,141700
71199,76561198148130529,69050.0,138100
71199,76561198272012791,59850.0,119700
71199,76561198424351549,62400.0,124800
71199,76561198862150627,63000.0,126000
71200,76561197994380596,77983.33333333333,233950
71200,76561198003142163,76683.33333333333,230050
71200,76561198010496342,77250.0,231750
71200,76561198054820484,77016.66666666667,231050
71200,76561198067763828,79750.0,239250
71200,76561198089905186,77633.33333333333,232900
71200,76561198132385509,77033.33333333333,231100
71200,76561198203239207,78800.0,236400
71200,76561198210934463,78366.66666666667,235100
71200,76561198376077082,79933.33333333333,239800
71201,76561198018591028,65700.0,131400
71201,76561198068168375,67900.0,135800
71201,76561198068506849,64750.0,129500
71201,76561198086803740,66350.0,132700
71201,76561198092328908,57425.0,114850
71201,76561198093838916,55675.0,111350
71201,76561198142171301,67300.0,134600
71201,76561198158795735,57425.0,114850
71201,76561198177034285,57225.0,114450
71201,76561198850174383,57275.0,114550
71202,76561197986943405,61250.0,122500
71202,76561198129799489,59550.0,119100
71202,76561198175390571,61550.0,123100
71202,76561198188347379,70375.0,140750
71202,76561198193109002,60550.0,121100
71202,76561198209342312,68725.0,137450
71202,76561198222914476,69625.0,139250
71202,76561198271683669,68525.0,137050
71202,76561198307459336,66925.0,133850
71202,76561198422822248,59800.0,119600
71203,76561198019990506,64700.0,129400
71203,76561198026827950,66400.0,132800
71203,76561198028624820,53125.0,106250
71203,76561198037207775,52575.0,105150
71203,76561198065572000,64550.0,129100
71203,76561198070876270,66400.0,132800
71203,76561198102263776,52075.0,104150
71203,76561198152429194,54325.0,108650
71203,76561198186570085,64650.0,129300
71203,76561198196671698,54725.0,109450
71204,76561198031708240,86750.0,86750
71204,76561198064469140,83050.0,83050
71204,76561198082467854,86150.0,86150
71204,76561198148167683,86050.0,86050
71204,76561198158068052,83350.0,83350
71204,76561198206398129,86050.0,86050
71204,76561198328327898,84550.0,84550
71204,76561198862368967,82050.0,82050
71204,76561198868128397,85050.0,85050
71204,76561198925747864,88650.0,88650
71205,76561197979093036,67200.0,134400
71205,76561197995422314,66450.0,132900
71205,76561197997480650,66900.0,133800
71205,76561198020624803,74625.0,149250
71205,76561198040577200,74175.0,148350
71205,76561198076775225,66100.0,132200
71205,76561198084607254,72925.0,145850
71205,76561198107142008,73025.0,146050
71205,76561198119388735,65600.0,131200
71205,76561198176878303,72575.0,145150
71206,76561198030545997,68150.0,136300
71206,76561198030921948,66950.0,133900
71206,76561198047198945,69550.0,139100
71206,76561198152403112,65650.0,131300
71206,76561198188347379,60450.0,120900
71206,76561198190930470,68600.0,137200
71206,76561198209342312,61450.0,122900
71206,76561198222914476,59550.0,119100
71206,76561198271683669,59250.0,118500
71206,76561198307459336,58300.0,116600
71207,76561197979620397,72400.0,144800
71207,76561198138425037,62600.0,125200
71207,76561198139604328,70400.0,140800
71207,76561198157961577,61500.0,123000
71207,76561198158709510,63850.0,127700
71207,76561198178801031,72050.0,144100
71207,76561198182462587,75050.0,150100
71207,76561198190463461,71350.0,142700
71207,76561198199480329,63000.0,126000
71207,76561198205517292,62550.0,125100
71208,76561197967893362,77600.0,155200
71208,76561198048229390,79500.0,159000
71208,76561198051022353,71775.0,143550
71208,76561198076649517,80900.0,161800
71208,76561198079033498,75625.0,151250
71208,76561198090815918,74125.0,148250
71208,76561198119554726,77950.0,155900
71208,76561198259972105,81100.0,162200
71208,76561198282924562,74525.0,149050
71208,76561198374401449,75125.0,150250
71209,76561197987038596,95950.0,287850
71209,76561197991000831,96050.0,288150
71209,76561198019990506,93216.66666666667,279650
71209,76561198020539756,92983.33333333333,278950
71209,76561198026827950,92550.0,277650
71209,76561198065572000,93650.0,280950
71209,76561198070459137,94150.0,282450
71209,76561198070876270,95050.0,285150
71209,76561198186570085,92816.66666666667,278450
71209,76561198218523971,93616.66666666667,280850
71210,76561198033438750,72350.0,144700
71210,76561198065294895,70700.0,141400
71210,76561198088906330,64125.0,128250
71210,76561198096708443,67725.0,135450
71210,76561198117680294,65375.0,130750
71210,76561198134164683,72200.0,144400
71210,76561198155754447,65575.0,131150
71210,76561198169560297,74450.0,148900
71210,76561198215434685,71650.0,143300
71210,76561198298496976,63575.0,127150
71211,76561197977791735,81325.0,162650
71211,76561198007588478,82625.0,165250
71211,76561198010975327,82775.0,165550
71211,76561198082670832,79525.0,159050
71211,76561198127439015,76875.0,153750
71211,76561198180072669,78475.0,156950
71211,76561198198570973,81325.0,162650
71211,76561198202134392,81225.0,162450
71211,76561198205135895,80975.0,161950
71211,76561198219516767,81375.0,162750
71212,76561197994406450,47450.0,47450
71212,76561198015308884,56700.0,56700
71212,76561198025578864,58000.0,58000
71212,76561198036884160,56800.0,56800
71212,76561198040445719,44850.0,44850
71212,76561198073482216,48450.0,48450
71212,76561198076604369,45050.0,45050
71212,76561198095992783,45350.0,45350
71212,76561198130490651,58700.0,58700
71212,76561198249302730,57600.0,57600
71213,76561198032999467,66800.0,66800
71213,76561198061787931,71050.0,71050
71213,76561198061971891,75050.0,75050
71213,76561198067197966,69850.0,69850
71213,76561198124141035,69100.0,69100
71213,76561198131134848,74050.0,74050
71213,76561198153580037,67400.0,67400
71213,76561198167738896,69700.0,69700
71213,76561198233075160,67600.0,67600
71213,76561198353869335,72450.0,72450
71214,76561198025448130,88225.0,176450
71214,76561198030545997,83475.0,166950
71214,76561198030921948,86125.0,172250
71214,76561198040547485,86375.0,172750
71214,76561198047198945,84875.0,169750
71214,76561198152403112,81275.0,162550
71214,76561198171689321,84775.0,169550
71214,76561198190930470,86325.0,172650
71214,76561198249125106,82325.0,164650
71214,76561198251984554,83725.0,167450
71215,76561197974106188,82975.0,165950
71215,76561198003756239,80200.0,160400
71215,76561198026618874,80700.0,161400
71215,76561198027648194,82875.0,165750
71215,76561198052775739,77850.0,155700
71215,76561198064010365,82075.0,164150
71215,76561198144926364,81625.0,163250
71215,76561198327068178,82225.0,164450
71215,76561198327980204,79800.0,159600
71215,76561198845436666,79300.0,158600
71216,76561198084354639,50675.0,101350
71216,76561198088906330,62175.0,124350
71216,76561198096708443,63425.0,126850
71216,76561198117680294,64925.0,129850
71216,76561198144615457,51225.0,102450
71216,76561198155754447,65325.0,130650
71216,76561198184131963,53275.0,106550
71216,76561198278135849,53275.0,106550
71216,76561198298496976,64025.0,128050
71216,76561198881298747,53125.0,106250
71217,76561198027229236,113850.0,113850
71217,76561198091947107,114100.0,114100
71217,76561198098166757,116700.0,116700
71217,76561198120646382,110350.0,110350
71217,76561198130114333,113250.0,113250
71217,76561198137897027,110400.0,110400
71217,76561198161674889,109750.0,109750
71217,76561198169934019,113500.0,113500
71217,76561198242601266,111050.0,111050
71217,76561198396338183,110600.0,110600
71218,76561198015308884,80900.0,80900
71218,76561198025578864,79200.0,79200
71218,76561198036884160,79000.0,79000
71218,76561198061787931,79650.0,79650
71218,76561198061971891,82050.0,82050
71218,76561198067197966,76550.0,76550
71218,76561198130490651,79000.0,79000
71218,76561198131134848,77950.0,77950
71218,76561198249302730,83900.0,83900
71218,76561198353869335,78750.0,78750
71219,76561197994406450,67800.0,67800
71219,76561198032999467,69100.0,69100
71219,76561198040445719,69600.0,69600
71219,76561198073482216,68400.0,68400
71219,76561198076604369,66800.0,66800
71219,76561198095992783,65600.0,65600
71219,76561198124141035,73100.0,73100
71219,76561198153580037,72300.0,72300
71219,76561198167738896,70900.0,70900
71219,76561198233075160,75300.0,75300
71220,76561198012390625,78850.0,78850
71220,76561198020474058,85350.0,85350
71220,76561198074927301,82950.0,82950
71220,76561198089869304,80150.0,80150
71220,76561198135415618,85650.0,85650
71220,76561198141759568,81450.0,81450
71220,76561198203255642,84850.0,84850
71220,76561198276534844,81950.0,81950
71220,76561198306916859,79950.0,79950
71220,76561198312666961,78750.0,78750
71221,76561197992382988,99900.0,199800
71221,76561198007131317,101200.0,202400
71221,76561198034241132,97900.0,195800
71221,76561198043882667,98600.0,197200
71221,76561198078729750,94975.0,189950
71221,76561198128804839,100850.0,201700
71221,76561198174005827,90375.0,180750
71221,76561198332320607,92875.0,185750
71221,76561198416814570,92925.0,185850
71221,76561199016517194,95875.0,191750
71222,76561197960427318,70250.0,70250
71222,76561197980158081,64650.0,64650
71222,76561198020474058,71900.0,71900
71222,76561198079574545,66550.0,66550
71222,76561198135415618,72800.0,72800
71222,76561198141759568,68100.0,68100
71222,76561198183003671,64150.0,64150
71222,76561198248041656,70450.0,70450
71222,76561198276534844,69400.0,69400
71222,76561198306916859,73100.0,73100
71224,76561197996321741,89950.0,89950
71224,76561198012390625,87700.0,87700
71224,76561198034379704,93350.0,93350
71224,76561198074927301,84600.0,84600
71224,76561198089869304,89700.0,89700
71224,76561198098407000,90950.0,90950
71224,76561198143294452,89250.0,89250
71224,76561198203255642,86900.0,86900
71224,76561198255981498,93350.0,93350
71224,76561198312666961,82800.0,82800
71225,76561197968809739,60825.0,121650
71225,76561197972433200,66125.0,132250
71225,76561198028514655,66375.0,132750
71225,76561198043014311,63975.0,127950
71225,76561198045482283,67125.0,134250
71225,76561198048174130,59625.0,119250
71225,76561198068647874,59575.0,119150
71225,76561198074461526,62175.0,124350
71225,76561198086253541,60975.0,121950
71225,76561198099117149,65175.0,130350
71226,76561198031431824,79150.0,158300
71226,76561198068013911,76950.0,153900
71226,76561198124872474,81775.0,163550
71226,76561198142540151,78850.0,157700
71226,76561198147414643,78625.0,157250
71226,76561198260998400,82075.0,164150
71226,76561198273434890,83025.0,166050
71226,76561198294067334,81375.0,162750
71226,76561198310650658,76100.0,152200
71226,76561198336814871,79100.0,158200
71227,76561197969744810,63025.0,126050
71227,76561197981849043,65525.0,131050
71227,76561197993724724,73375.0,146750
71227,76561198049479497,72025.0,144050
71227,76561198055631941,62825.0,125650
71227,76561198063568627,62225.0,124450
71227,76561198232522208,65825.0,131650
71227,76561198242008362,71675.0,143350
71227,76561198279418200,73775.0,147550
71227,76561198820328961,70525.0,141050
71229,76561197979168983,84750.0,84750
71229,76561198042801684,88350.0,88350
71229,76561198052888143,86850.0,86850
71229,76561198066222967,81800.0,81800
71229,76561198142322244,83500.0,83500
71229,76561198156063307,83150.0,83150
71229,76561198166279647,80300.0,80300
71229,76561198196356515,85250.0,85250
71229,76561198253287740,83700.0,83700
71229,76561198291426466,87400.0,87400
71230,76561197960567532,62025.0,124050
71230,76561197992843976,61375.0,122750
71230,76561198038447085,66700.0,133400
71230,76561198059348987,62025.0,124050
71230,76561198068485596,72600.0,145200
71230,76561198134356461,69750.0,139500
71230,76561198153121115,69950.0,139900
71230,76561198196068654,69800.0,139600
71230,76561198273089705,62925.0,125850
71230,76561198797743148,61925.0,123850
71231,76561197960427318,64850.0,64850
71231,76561197980158081,65350.0,65350
71231,76561197996321741,60250.0,60250
71231,76561198034379704,60850.0,60850
71231,76561198079574545,64950.0,64950
71231,76561198098407000,59150.0,59150
71231,76561198143294452,60450.0,60450
71231,76561198183003671,63750.0,63750
71231,76561198248041656,65550.0,65550
71231,76561198255981498,61450.0,61450
71232,76561197979620397,84525.0,169050
71232,76561198079183361,83825.0,167650
71232,76561198093816306,80775.0,161550
71232,76561198139604328,83375.0,166750
71232,76561198152419994,85475.0,170950
71232,76561198160115091,81775.0,163550
71232,76561198178801031,86225.0,172450
71232,76561198182462587,88575.0,177150
71232,76561198190463461,83875.0,167750
71232,76561198347909753,80875.0,161750
71233,76561197973140692,71425.0,142850
71233,76561197989423065,77400.0,154800
71233,76561198004871434,69925.0,139850
71233,76561198031651584,69675.0,139350
71233,76561198041416993,79400.0,158800
71233,76561198050922008,76400.0,152800
71233,76561198063336407,79700.0,159400
71233,76561198077802866,67375.0,134750
71233,76561198165452027,77900.0,155800
71233,76561198288390068,69925.0,139850
71234,76561198003521527,68725.0,137450
71234,76561198025448130,72975.0,145950
71234,76561198040547485,71225.0,142450
71234,76561198073395524,67925.0,135850
71234,76561198087658989,67625.0,135250
71234,76561198170649897,67425.0,134850
71234,76561198171689321,71875.0,143750
71234,76561198249125106,70475.0,140950
71234,76561198251984554,72525.0,145050
71234,76561198253670517,68975.0,137950
71235,76561197973392984,71450.0,71450
71235,76561198032999467,66050.0,66050
71235,76561198061787931,77300.0,77300
71235,76561198061971891,77000.0,77000
71235,76561198067197966,82600.0,82600
71235,76561198124141035,69350.0,69350
71235,76561198131134848,76700.0,76700
71235,76561198153580037,68950.0,68950
71235,76561198233075160,70350.0,70350
71235,76561198353869335,78000.0,78000
71237,76561197986943405,57550.0,172650
71237,76561198071096426,61983.333333333336,185950
71237,76561198129799489,59716.666666666664,179150
71237,76561198175390571,59883.333333333336,179650
71237,76561198193109002,59016.666666666664,177050
71237,76561198363516527,60483.333333333336,181450
71237,76561198422822248,60183.333333333336,180550
71237,76561198851067539,62883.333333333336,188650
71237,76561199009468655,63350.0,190050
71237,76561199132217533,62216.666666666664,186650
71238,76561197974106188,53150.0,106300
71238,76561197991234691,68950.0,137900
71238,76561197998926770,65550.0,131100
71238,76561198027648194,54750.0,109500
71238,76561198064010365,53300.0,106600
71238,76561198073117127,63900.0,127800
71238,76561198120557348,64700.0,129400
71238,76561198144926364,55000.0,110000
71238,76561198158377244,65150.0,130300
71238,76561198327068178,55450.0,110900
71239,76561197989430253,65000.0,195000
71239,76561197991272318,66000.0,198000
71239,76561197997351207,64066.666666666664,192200
71239,76561198016255205,63600.0,190800
71239,76561198028292758,61816.666666666664,185450
71239,76561198045433304,61083.333333333336,183250
71239,76561198059714128,59916.666666666664,179750
71239,76561198081484775,59883.333333333336,179650
71239,76561198201620490,63300.0,189900
71239,76561198208074320,61216.666666666664,183650
71240,76561197960427318,85900.0,85900
71240,76561197980158081,85500.0,85500
71240,76561197996321741,83600.0,83600
71240,76561198034379704,84600.0,84600
71240,76561198079574545,86900.0,86900
71240,76561198098407000,86400.0,86400
71240,76561198143294452,87600.0,87600
71240,76561198183003671,89100.0,89100
71240,76561198248041656,87700.0,87700
71240,76561198255981498,87000.0,87000
71241,76561198000968105,76325.0,152650
71241,76561198020624803,78300.0,156600
71241,76561198040577200,79400.0,158800
71241,76561198084607254,78450.0,156900
71241,76561198107142008,81600.0,163200
71241,76561198138113790,75625.0,151250
71241,76561198155055663,73575.0,147150
71241,76561198176878303,77950.0,155900
71241,76561198215214621,77125.0,154250
71241,76561198260959350,73275.0,146550
71242,76561198009341865,77133.33333333333,231400
71242,76561198033438750,78566.66666666667,235700
71242,76561198065294895,77666.66666666667,233000
71242,76561198085380858,79333.33333333333,238000
71242,76561198134164683,79700.0,239100
71242,76561198169560297,77833.33333333333,233500
71242,76561198170577338,76866.66666666667,230600
71242,76561198215434685,80400.0,241200
71242,76561198231549032,78466.66666666667,235400
71242,76561198245783634,79633.33333333333,238900
71243,76561198020474058,76350.0,152700
71243,76561198061787931,73375.0,146750
71243,76561198061971891,71625.0,143250
71243,76561198067197966,70925.0,141850
71243,76561198131134848,72275.0,144550
71243,76561198135415618,78350.0,156700
71243,76561198141759568,76050.0,152100
71243,76561198276534844,76400.0,152800
71243,76561198306916859,73250.0,146500
71243,76561198353869335,71875.0,143750
71244,76561198061423730,88533.33333333333,265600
71244,76561198131356591,89333.33333333333,268000
71244,76561198132948107,85650.0,256950
71244,76561198145599897,86850.0,260550
71244,76561198278441856,87283.33333333333,261850
71244,76561198348587735,86566.66666666667,259700
71244,76561198842550599,87766.66666666667,263300
71244,76561198855876580,90766.66666666667,272300
71244,76561198950367286,86350.0,259050
71244,76561199241953370,87050.0,261150
71245,76561197996321741,75975.0,151950
71245,76561198015308884,81350.0,162700
71245,76561198025578864,82200.0,164400
71245,76561198034379704,77375.0,154750
71245,76561198036884160,82450.0,164900
71245,76561198098407000,78075.0,156150
71245,76561198130490651,81100.0,162200
71245,76561198143294452,79675.0,159350
71245,76561198249302730,82100.0,164200
71245,76561198255981498,79775.0,159550
71246,76561197996321741,75975.0,151950
71246,76561198015308884,82350.0,164700
71246,76561198025578864,83200.0,166400
71246,76561198034379704,77375.0,154750
71246,76561198036884160,83450.0,166900
71246,76561198098407000,78075.0,156150
71246,76561198130490651,82100.0,164200
71246,76561198143294452,79675.0,159350
71246,76561198249302730,83100.0,166200
71246,76561198255981498,79775.0,159550
71247,76561197986522194,77050.0,231150
71247,76561198031431824,77950.0,233850
71247,76561198052394260,76750.0,230250
71247,76561198068013911,77450.0,232350
71247,76561198142540151,77316.66666666667,231950
71247,76561198272012791,75350.0,226050
71247,76561198310650658,77716.66666666667,233150
71247,76561198336814871,77050.0,231150
71247,76561198424351549,78350.0,235050
71247,76561198862150627,76116.66666666667,228350
71248,76561198076595434,77025.0,154050
71248,76561198090430405,75125.0,150250
71248,76561198124872474,63500.0,127000
71248,76561198131134848,72425.0,144850
71248,76561198140790159,76375.0,152750
71248,76561198147414643,63500.0,127000
71248,76561198157693983,76475.0,152950
71248,76561198260998400,65350.0,130700
71248,76561198273434890,63600.0,127200
71248,76561198294067334,63250.0,126500
71249,76561197972433200,73050.0,146100
71249,76561197993724724,66625.0,133250
71249,76561198028514655,71550.0,143100
71249,76561198043014311,69600.0,139200
71249,76561198045482283,73300.0,146600
71249,76561198049479497,67375.0,134750
71249,76561198099117149,70300.0,140600
71249,76561198242008362,66725.0,133450
71249,76561198279418200,65125.0,130250
71249,76561198820328961,66325.0,132650
71250,76561197968809739,56150.0,112300
71250,76561197969744810,65800.0,131600
71250,76561197981849043,68400.0,136800
71250,76561198048174130,54450.0,108900
71250,76561198055631941,67100.0,134200
71250,76561198063568627,68300.0,136600
71250,76561198068647874,55650.0,111300
71250,76561198074461526,56700.0,113400
71250,76561198086253541,57100.0,114200
71250,76561198232522208,66750.0,133500
71251,76561197992382988,84100.0,168200
71251,76561198007131317,87850.0,175700
71251,76561198034241132,86250.0,172500
71251,76561198043882667,87900.0,175800
71251,76561198091947107,90850.0,181700
71251,76561198098166757,93300.0,186600
71251,76561198128804839,84300.0,168600
71251,76561198137897027,88450.0,176900
71251,76561198169934019,92150.0,184300
71251,76561198396338183,90650.0,181300
71252,76561198000772409,91750.0,183500
71252,76561198038749098,93200.0,186400
71252,76561198048350311,90850.0,181700
71252,76561198050779850,92450.0,184900
71252,76561198082467854,90025.0,180050
71252,76561198093162249,93200.0,186400
71252,76561198148167683,90675.0,181350
71252,76561198375573022,87325.0,174650
71252,76561198868128397,88725.0,177450
71252,76561198925747864,89525.0,179050
71253,76561197989582314,67100.0,201300
71253,76561197997773713,71350.0,214050
71253,76561198011647361,66033.33333333333,198100
71253,76561198034537139,71550.0,214650
71253,76561198048538056,67200.0,201600
71253,76561198137707080,72150.0,216450
71253,76561198153806964,68100.0,204300
71253,76561198215541549,66600.0,199800
71253,76561198288837772,71416.66666666667,214250
71253,76561198326172243,70950.0,212850
71254,76561197986829261,72825.0,145650
71254,76561198010426775,79550.0,159100
71254,76561198012528425,78800.0,157600
71254,76561198018619809,71025.0,142050
71254,76561198050635151,73575.0,147150
71254,76561198069862260,78250.0,156500
71254,76561198107012488,72775.0,145550
71254,76561198148047557,77050.0,154100
71254,76561198246422692,71475.0,142950
71254,76561198328499259,77550.0,155100
71255,76561197978970283,79700.0,159400
71255,76561198027182971,83100.0,166200
71255,76561198030545997,83700.0,167400
71255,76561198030921948,83650.0,167300
71255,76561198047198945,85300.0,170600
71255,76561198060916227,80000.0,160000
71255,76561198115413318,80750.0,161500
71255,76561198152403112,80650.0,161300
71255,76561198153092130,82050.0,164100
71255,76561198190930470,84950.0,169900
71256,76561197962148507,91033.33333333333,273100
71256,76561197979669175,89133.33333333333,267400
71256,76561197990682262,89300.0,267900
71256,76561198010511021,89133.33333333333,267400
71256,76561198024248129,88500.0,265500
71256,76561198027348753,92900.0,278700
71256,76561198028458803,91233.33333333333,273700
71256,76561198031908632,91500.0,274500
71256,76561198146202997,91900.0,275700
71256,76561198210763837,89366.66666666667,268100
71257,76561198015308884,75450.0,150900
71257,76561198020474058,71550.0,143100
71257,76561198025578864,74000.0,148000
71257,76561198036884160,75750.0,151500
71257,76561198130490651,74450.0,148900
71257,76561198135415618,73500.0,147000
71257,76561198141759568,73450.0,146900
71257,76561198249302730,79550.0,159100
71257,76561198276534844,71000.0,142000
71257,76561198306916859,72100.0,144200
71258,76561198020624803,71375.0,142750
71258,76561198025448130,66875.0,133750
71258,76561198040547485,66975.0,133950
71258,76561198040577200,70075.0,140150
71258,76561198084607254,71975.0,143950
71258,76561198107142008,72825.0,145650
71258,76561198171689321,67575.0,135150
71258,76561198176878303,69975.0,139950
71258,76561198249125106,67225.0,134450
71258,76561198251984554,67925.0,135850
71259,76561198003521527,96833.33333333333,290500
71259,76561198073395524,96766.66666666667,290300
71259,76561198087658989,96666.66666666667,290000
71259,76561198088906330,95583.33333333333,286750
71259,76561198096708443,97050.0,291150
71259,76561198117680294,96516.66666666667,289550
71259,76561198155754447,99283.33333333333,297850
71259,76561198170649897,95833.33333333333,287500
71259,76561198253670517,97066.66666666667,291200
71259,76561198298496976,98050.0,294150
71260,76561197991234691,78000.0,156000
71260,76561197998926770,78200.0,156400
71260,76561198033438750,70075.0,140150
71260,76561198065294895,66225.0,132450
71260,76561198073117127,76100.0,152200
71260,76561198120557348,78200.0,156400
71260,76561198134164683,68375.0,136750
71260,76561198158377244,79750.0,159500
71260,76561198169560297,68275.0,136550
71260,76561198215434685,68575.0,137150
71261,76561197995889730,75275.0,150550
71261,76561197996678278,72375.0,144750
71261,76561198001151695,77675.0,155350
71261,76561198004115516,71375.0,142750
71261,76561198006920295,75625.0,151250
71261,76561198022365638,72775.0,145550
71261,76561198047472534,74375.0,148750
71261,76561198064864198,71625.0,143250
71261,76561198066693739,77775.0,155550
71261,76561198160709585,72725.0,145450
71262,76561198009341865,65575.0,131150
71262,76561198030545997,72900.0,145800
71262,76561198030921948,73300.0,146600
71262,76561198047198945,73200.0,146400
71262,76561198085380858,68475.0,136950
71262,76561198152403112,70700.0,141400
71262,76561198170577338,66375.0,132750
71262,76561198190930470,73400.0,146800
71262,76561198231549032,68425.0,136850
71262,76561198245783634,68425.0,136850
71263,76561198000968105,67883.33333333333,203650
71263,76561198003756239,70650.0,211950
71263,76561198026618874,71083.33333333333,213250
71263,76561198052775739,69650.0,208950
71263,76561198138113790,69116.66666666667,207350
71263,76561198155055663,69183.33333333333,207550
71263,76561198215214621,68683.33333333333,206050
71263,76561198260959350,67183.33333333333,201550
71263,76561198327980204,71516.66666666667,214550
71263,76561198845436666,72450.0,217350
71264,76561198091947107,83225.0,166450
71264,76561198098166757,81975.0,163950
71264,76561198132948107,81475.0,162950
71264,76561198137897027,80025.0,160050
71264,76561198145599897,81125.0,162250
71264,76561198169934019,83075.0,166150
71264,76561198278441856,83775.0,167550
71264,76561198396338183,82975.0,165950
71264,76561198950367286,79725.0,159450
71264,76561199241953370,80375.0,160750
71265,76561197969744810,83350.0,166700
71265,76561197981849043,85950.0,171900
71265,76561198055631941,84850.0,169700
71265,76561198063568627,87200.0,174400
71265,76561198124872474,78000.0,156000
71265,76561198147414643,80050.0,160100
71265,76561198232522208,86700.0,173400
71265,76561198260998400,77450.0,154900
71265,76561198273434890,76500.0,153000
71265,76561198294067334,77350.0,154700
71266,76561197986522194,78950.0,157900
71266,76561197993724724,70700.0,141400
71266,76561198049479497,70100.0,140200
71266,76561198052394260,76800.0,153600
71266,76561198138864974,68050.0,136100
71266,76561198272012791,75000.0,150000
71266,76561198279418200,69200.0,138400
71266,76561198424351549,75800.0,151600
71266,76561198820328961,70900.0,141800
71266,76561198862150627,73850.0,147700
71267,76561197989582314,78850.0,78850
71267,76561197997773713,85200.0,85200
71267,76561198011647361,80050.0,80050
71267,76561198034537139,85200.0,85200
71267,76561198048538056,80150.0,80150
71267,76561198137707080,84400.0,84400
71267,76561198153806964,82350.0,82350
71267,76561198215541549,81050.0,81050
71267,76561198288837772,87000.0,87000
71267,76561198326172243,86800.0,86800
71268,76561198035510513,70800.0,212400
71268,76561198062114681,70066.66666666667,210200
71268,76561198071291375,69500.0,208500
71268,76561198188347379,67033.33333333333,201100
71268,76561198209342312,67366.66666666667,202100
71268,76561198222914476,67300.0,201900
71268,76561198271683669,65900.0,197700
71268,76561198307459336,64333.333333333336,193000
71268,76561198803032451,69466.66666666667,208400
71268,76561199046478501,72033.33333333333,216100
71269,76561197960810261,59450.0,59450
71269,76561198000772409,66600.0,66600
71269,76561198038749098,64000.0,64000
71269,76561198048350311,64100.0,64100
71269,76561198050779850,68800.0,68800
71269,76561198073357348,60150.0,60150
71269,76561198093162249,67400.0,67400
71269,76561198246034260,58650.0,58650
71269,76561198365983689,57950.0,57950
71269,76561198808188792,59450.0,59450
71270,76561197989423065,68800.0,206400
71270,76561197998197366,60233.333333333336,180700
71270,76561198000984547,60033.333333333336,180100
71270,76561198018393639,60266.666666666664,180800
71270,76561198041416993,67333.33333333333,202000
71270,76561198050922008,66066.66666666667,198200
71270,76561198063336407,67666.66666666667,203000
71270,76561198165452027,68200.0,204600
71270,76561198309839541,58900.0,176700
71270,76561198417348056,59933.333333333336,179800
71271,76561197987038596,89150.0,267450
71271,76561197991000831,88683.33333333333,266050
71271,76561198020539756,86016.66666666667,258050
71271,76561198025448130,90450.0,271350
71271,76561198040547485,90616.66666666667,271850
71271,76561198070459137,89316.66666666667,267950
71271,76561198218523971,87183.33333333333,261550
71271,76561198249125106,90216.66666666667,270650
71271,76561198251984554,89316.66666666667,267950
71271,76561198975452660,88150.0,264450
71272,76561197969438752,79450.0,158900
71272,76561197971923260,75900.0,151800
71272,76561197988449791,80500.0,161000
71272,76561198032071879,75325.0,150650
71272,76561198140853900,80100.0,160200
71272,76561198150340869,70475.0,140950
71272,76561198175219965,67875.0,135750
71272,76561198287616424,72875.0,145750
71272,76561198304315933,68425.0,136850
71272,76561198314392309,69125.0,138250
71273,76561197977791735,77333.33333333333,232000
71273,76561197979620397,79000.0,237000
71273,76561198007588478,77866.66666666667,233600
71273,76561198010975327,78233.33333333333,234700
71273,76561198139604328,76700.0,230100
71273,76561198178801031,79000.0,237000
71273,76561198182462587,79700.0,239100
71273,76561198190463461,79533.33333333333,238600
71273,76561198202134392,78100.0,234300
71273,76561198205135895,80166.66666666667,240500
71274,76561197986115883,73516.66666666667,220550
71274,76561197991348083,72983.33333333333,218950
71274,76561197994899299,72650.0,217950
71274,76561198031554200,72216.66666666667,216650
71274,76561198040541875,70650.0,211950
71274,76561198067523525,71450.0,214350
71274,76561198130440634,71950.0,215850
71274,76561198155832452,73916.66666666667,221750
71274,76561198157089888,71550.0,214650
71274,76561198812071682,73083.33333333333,219250
71275,76561197973730803,72050.0,144100
71275,76561197996060155,73150.0,146300
71275,76561198005107817,74850.0,149700
71275,76561198018474860,68650.0,137300
71275,76561198025749082,65900.0,131800
71275,76561198064353169,68500.0,137000
71275,76561198159295202,68000.0,136000
71275,76561198164926020,67750.0,135500
71275,76561198168694063,68900.0,137800
71275,76561198176422667,70100.0,140200
71276,76561197962125374,83583.33333333333,250750
71276,76561197995889730,84666.66666666667,254000
71276,76561198001151695,87466.66666666667,262400
71276,76561198006920295,84733.33333333333,254200
71276,76561198034172415,86216.66666666667,258650
71276,76561198047472534,82800.0,248400
71276,76561198066693739,86266.66666666667,258800
71276,76561198086945950,83683.33333333333,251050
71276,76561198135878798,85883.33333333333,257650
71276,76561198408199043,83883.33333333333,251650
71278,76561197974106188,75825.0,151650
71278,76561198027648194,74725.0,149450
71278,76561198030545997,71950.0,143900
71278,76561198030921948,72400.0,144800
71278,76561198047198945,71800.0,143600
71278,76561198064010365,71975.0,143950
71278,76561198144926364,74075.0,148150
71278,76561198152403112,70250.0,140500
71278,76561198190930470,71500.0,143000
71278,76561198327068178,75175.0,150350
71279,76561198061423730,75650.0,226950
71279,76561198091947107,78233.33333333333,234700
71279,76561198098166757,79800.0,239400
71279,76561198131356591,75916.66666666667,227750
71279,76561198137897027,75233.33333333333,225700
71279,76561198169934019,78633.33333333333,235900
71279,76561198348587735,73083.33333333333,219250
71279,76561198396338183,78066.66666666667,234200
71279,76561198842550599,73883.33333333333,221650
71279,76561198855876580,76616.66666666667,229850
71280,76561197979669175,70650.0,211950
71280,76561197985565685,73216.66666666667,219650
71280,76561197990682262,68850.0,206550
71280,76561198010511021,69450.0,208350
71280,76561198024248129,67350.0,202050
71280,76561198028458803,68983.33333333333,206950
71280,76561198043769572,76816.66666666667,230450
71280,76561198058500492,75783.33333333333,227350
71280,76561198164970560,76150.0,228450
71280,76561198388056582,74283.33333333333,222850
71281,76561197989430253,82325.0,164650
71281,76561197991272318,81025.0,162050
71281,76561197997351207,83925.0,167850
71281,76561198016255205,81675.0,163350
71281,76561198034202275,79900.0,159800
71281,76561198044045107,79350.0,158700
71281,76561198121220486,78050.0,156100
71281,76561198146207066,78250.0,156500
71281,76561198201620490,81475.0,162950
71281,76561198246607476,78800.0,157600
71282,76561198033438750,73300.0,146600
71282,76561198065294895,71650.0,143300
71282,76561198088906330,63675.0,127350
71282,76561198096708443,67275.0,134550
71282,76561198117680294,64875.0,129750
71282,76561198134164683,73150.0,146300
71282,76561198155754447,65125.0,130250
71282,76561198169560297,75400.0,150800
71282,76561198215434685,72600.0,145200
71282,76561198298496976,63125.0,126250
71283,76561198001948063,94366.66666666667,283100
71283,76561198032632385,95233.33333333333,285700
71283,76561198082670832,96583.33333333333,289750
71283,76561198127439015,95483.33333333333,286450
71283,76561198153568718,94100.0,282300
71283,76561198180072669,94450.0,283350
71283,76561198185571587,96066.66666666667,288200
71283,76561198198570973,97950.0,293850
71283,76561198219516767,99883.33333333333,299650
71283,76561198428860780,94100.0,282300
71284,76561197974106188,81716.66666666667,245150
71284,76561198025448130,80150.0,240450
71284,76561198027648194,81416.66666666667,244250
71284,76561198040547485,79450.0,238350
71284,76561198064010365,79416.66666666667,238250
71284,76561198144926364,80650.0,241950
71284,76561198171689321,77083.33333333333,231250
71284,76561198249125106,78616.66666666667,235850
71284,76561198251984554,81816.66666666667,245450
71284,76561198327068178,84150.0,252450
71285,76561197977791735,68275.0,136550
71285,76561198007588478,69925.0,139850
71285,76561198010975327,71925.0,143850
71285,76561198138425037,61375.0,122750
71285,76561198157961577,62125.0,124250
71285,76561198158709510,61175.0,122350
71285,76561198199480329,62875.0,125750
71285,76561198202134392,67125.0,134250
71285,76561198205135895,70425.0,140850
71285,76561198205517292,63325.0,126650
71286,76561197962003301,70850.0,141700
71286,76561197972819559,59925.0,119850
71286,76561197985802927,71000.0,142000
71286,76561198013007911,57725.0,115450
71286,76561198020594542,67050.0,134100
71286,76561198129966157,67050.0,134100
71286,76561198136035860,58825.0,117650
71286,76561198201863398,67850.0,135700
71286,76561198441153669,58475.0,116950
71286,76561199205164019,57675.0,115350
71287,76561198001822920,75775.0,151550
71287,76561198027330379,76225.0,152450
71287,76561198057122076,77725.0,155450
71287,76561198107347457,68875.0,137750
71287,76561198119125949,76475.0,152950
71287,76561198127714818,69075.0,138150
71287,76561198138381681,76325.0,152650
71287,76561198200466057,69875.0,139750
71287,76561198398014023,67925.0,135850
71287,76561198807309960,70425.0,140850
71288,76561198040547485,86125.0,172250
71288,76561198088906330,76075.0,152150
71288,76561198096708443,76575.0,153150
71288,76561198117680294,76175.0,152350
71288,76561198155754447,78275.0,156550
71288,76561198171689321,79775.0,159550
71288,76561198249125106,85525.0,171050
71288,76561198251984554,88425.0,176850
71288,76561198298496976,77325.0,154650
71288,76561198799702935,85025.0,170050
71289,76561197962125374,78675.0,157350
71289,76561197989423065,79700.0,159400
71289,76561198034172415,78925.0,157850
71289,76561198041416993,81600.0,163200
71289,76561198050922008,77500.0,155000
71289,76561198063336407,80550.0,161100
71289,76561198086945950,79825.0,159650
71289,76561198135878798,80375.0,160750
71289,76561198165452027,79850.0,159700
71289,76561198408199043,78575.0,157150
71290,76561197995644641,69350.0,208050
71290,76561198027777789,61300.0,183900
71290,76561198116753546,60900.0,182700
71290,76561198149377361,61400.0,184200
71290,76561198149887395,71950.0,215850
71290,76561198164476902,61233.333333333336,183700
71290,76561198179791817,69516.66666666667,208550
71290,76561198196719594,68450.0,205350
71290,76561198296675366,69716.66666666667,209150
71290,76561198406680858,61066.666666666664,183200
71291,76561197990845694,70283.33333333333,210850
71291,76561198055318388,67933.33333333333,203800
71291,76561198150729608,73716.66666666667,221150
71291,76561198201150374,74250.0,222750
71291,76561198279826310,67733.33333333333,203200
71291,76561198368219387,72983.33333333333,218950
71291,76561198930218135,67800.0,203400
71291,76561199101311360,67766.66666666667,203300
71291,76561199115526571,73583.33333333333,220750
71291,76561199137143905,69500.0,208500
71292,76561198001948063,77983.33333333333,233950
71292,76561198032632385,79183.33333333333,237550
71292,76561198129900169,79283.33333333333,237850
71292,76561198138425037,83916.66666666667,251750
71292,76561198153568718,75950.0,227850
71292,76561198157961577,83083.33333333333,249250
71292,76561198158709510,86883.33333333333,260650
71292,76561198185571587,79883.33333333333,239650
71292,76561198199480329,81750.0,245250
71292,76561198205517292,84416.66666666667,253250
71293,76561197985565685,89350.0,178700
71293,76561197989430253,90600.0,181200
71293,76561197991272318,93800.0,187600
71293,76561197997351207,92800.0,185600
71293,76561198016255205,92700.0,185400
71293,76561198043769572,91350.0,182700
71293,76561198058500492,90900.0,181800
71293,76561198164970560,93000.0,186000
71293,76561198201620490,89550.0,179100
71293,76561198388056582,91800.0,183600
71294,76561197995644641,67150.0,134300
71294,76561198001822920,72825.0,145650
71294,76561198027330379,71125.0,142250
71294,76561198057122076,71675.0,143350
71294,76561198119125949,71225.0,142450
71294,76561198138381681,72775.0,145550
71294,76561198149887395,67300.0,134600
71294,76561198179791817,67950.0,135900
71294,76561198196719594,65650.0,131300
71294,76561198296675366,65250.0,130500
71295,76561197962003301,63183.333333333336,189550
71295,76561197985802927,65650.0,196950
71295,76561197990845694,67066.66666666667,201200
71295,76561198020594542,65983.33333333333,197950
71295,76561198129966157,62950.0,188850
71295,76561198150729608,67500.0,202500
71295,76561198201150374,67966.66666666667,203900
71295,76561198201863398,63350.0,190050
71295,76561198368219387,69233.33333333333,207700
71295,76561199115526571,67500.0,202500
71296,76561197967893362,78550.0,235650
71296,76561197975788552,82583.33333333333,247750
71296,76561198025448130,81583.33333333333,244750
71296,76561198044840457,82483.33333333333,247450
71296,76561198048229390,80183.33333333333,240550
71296,76561198053126645,83116.66666666667,249350
71296,76561198076649517,80583.33333333333,241750
71296,76561198119098292,80950.0,242850
71296,76561198119554726,81850.0,245550
71296,76561198259972105,77550.0,232650
71297,76561197977791735,77250.0,154500
71297,76561198007588478,77600.0,155200
71297,76561198010975327,85500.0,171000
71297,76561198082670832,75725.0,151450
71297,76561198127439015,74375.0,148750
71297,76561198180072669,74125.0,148250
71297,76561198198570973,73775.0,147550
71297,76561198202134392,77150.0,154300
71297,76561198205135895,77600.0,155200
71297,76561198219516767,75325.0,150650
71298,76561198004930469,84550.0,169100
71298,76561198078729750,83300.0,166600
71298,76561198103622736,85800.0,171600
71298,76561198154095163,86050.0,172100
71298,76561198174005827,82500.0,165000
71298,76561198324810333,83800.0,167600
71298,76561198332320607,86900.0,173800
71298,76561198350342505,83250.0,166500
71298,76561198416814570,84950.0,169900
71298,76561199016517194,87250.0,174500
71299,76561197993759963,75000.0,225000
71299,76561198026011807,75400.0,226200
71299,76561198029203966,78433.33333333333,235300
71299,76561198061789000,77166.66666666667,231500
71299,76561198118646644,77833.33333333333,233500
71299,76561198169760281,78933.33333333333,236800
71299,76561198307171910,74866.66666666667,224600
71299,76561198385657675,75000.0,225000
71299,76561198387137014,75633.33333333333,226900
71299,76561198809462276,75766.66666666667,227300
71300,76561198082670832,67100.0,134200
71300,76561198127439015,68650.0,137300
71300,76561198138425037,77100.0,154200
71300,76561198157961577,73450.0,146900
71300,76561198158709510,75850.0,151700
71300,76561198180072669,65100.0,130200
71300,76561198198570973,68950.0,137900
71300,76561198199480329,74900.0,149800
71300,76561198205517292,75450.0,150900
71300,76561198219516767,69400.0,138800
71301,76561197982141573,68825.0,137650
71301,76561197985246786,70125.0,140250
71301,76561198003521527,74450.0,148900
71301,76561198062992429,69375.0,138750
71301,76561198073395524,71600.0,143200
71301,76561198081687729,72325.0,144650
71301,76561198087658989,75400.0,150800
71301,76561198090459061,68225.0,136450
71301,76561198170649897,70500.0,141000
71301,76561198253670517,73600.0,147200
71302,76561198019990506,88483.33333333333,265450
71302,76561198026827950,87116.66666666667,261350
71302,76561198030545997,84400.0,253200
71302,76561198030921948,83633.33333333333,250900
71302,76561198047198945,84933.33333333333,254800
71302,76561198065572000,89116.66666666667,267350
71302,76561198070876270,88216.66666666667,264650
71302,76561198152403112,83433.33333333333,250300
71302,76561198186570085,87783.33333333333,263350
71302,76561198190930470,85433.33333333333,256300
71303,76561197979126082,83300.0,83300
71303,76561198005018258,82800.0,82800
71303,76561198030119507,80700.0,80700
71303,76561198030357563,82200.0,82200
71303,76561198077677671,83900.0,83900
71303,76561198080114546,84850.0,84850
71303,76561198170561831,81250.0,81250
71303,76561198197951546,82850.0,82850
71303,76561198222442504,82750.0,82750
71303,76561199084598444,80750.0,80750
71304,76561197990845694,49325.0,98650
71304,76561198001822920,58500.0,117000
71304,76561198027330379,57750.0,115500
71304,76561198057122076,59400.0,118800
71304,76561198119125949,59550.0,119100
71304,76561198138381681,60500.0,121000
71304,76561198150729608,50175.0,100350
71304,76561198201150374,50275.0,100550
71304,76561198368219387,49375.0,98750
71304,76561199115526571,50175.0,100350
71305,76561197977845004,76450.0,152900
71305,76561197996875761,70050.0,140100
71305,76561198024636251,69900.0,139800
71305,76561198047829655,75000.0,150000
71305,76561198070540608,70300.0,140600
71305,76561198116899423,73000.0,146000
71305,76561198191616018,69650.0,139300
71305,76561198266290430,69750.0,139500
71305,76561198371036559,76450.0,152900
71305,76561198809859276,75000.0,150000
71306,76561197975788552,74125.0,296500
71306,76561198025448130,74150.0,296600
71306,76561198040547485,73012.5,292050
71306,76561198044840457,76200.0,304800
71306,76561198053126645,75675.0,302700
71306,76561198119098292,73875.0,295500
71306,76561198171689321,72612.5,290450
71306,76561198249125106,72087.5,288350
71306,76561198251984554,73712.5,294850
71306,76561198799702935,72437.5,289750
71307,76561197989423065,80737.5,322950
71307,76561197989430253,84162.5,336650
71307,76561197991272318,84537.5,338150
71307,76561197997351207,84337.5,337350
71307,76561198016255205,84712.5,338850
71307,76561198041416993,80612.5,322450
71307,76561198050922008,79862.5,319450
71307,76561198063336407,79787.5,319150
71307,76561198165452027,81887.5,327550
71307,76561198201620490,83962.5,335850
71308,76561198003521527,70250.0,140500
71308,76561198073395524,71050.0,142100
71308,76561198080114546,71825.0,143650
71308,76561198087658989,70250.0,140500
71308,76561198170561831,71125.0,142250
71308,76561198170649897,71050.0,142100
71308,76561198197951546,70575.0,141150
71308,76561198222442504,71575.0,143150
71308,76561198253670517,72000.0,144000
71308,76561199084598444,70025.0,140050
71309,76561197968852385,64050.0,128100
71309,76561198044610489,68750.0,137500
71309,76561198073749362,55925.0,111850
71309,76561198097560538,64050.0,128100
71309,76561198101222756,53625.0,107250
71309,76561198152849348,66300.0,132600
71309,76561198154172820,55125.0,110250
71309,76561198174431453,55625.0,111250
71309,76561198231405440,66900.0,133800
71309,76561198238532880,54625.0,109250
71310,76561198054201892,59875.0,119750
71310,76561198061787931,72850.0,145700
71310,76561198061971891,69400.0,138800
71310,76561198061987188,60425.0,120850
71310,76561198067197966,70500.0,141000
71310,76561198079574545,72250.0,144500
71310,76561198210447689,60725.0,121450
71310,76561198214305016,59175.0,118350
71310,76561198353869335,68150.0,136300
71310,76561198442761936,60575.0,121150
71311,76561197977791735,77200.0,231600
71311,76561198007588478,77733.33333333333,233200
71311,76561198010975327,77233.33333333333,231700
71311,76561198138425037,78616.66666666667,235850
71311,76561198157961577,79250.0,237750
71311,76561198158709510,78750.0,236250
71311,76561198199480329,78383.33333333333,235150
71311,76561198202134392,76300.0,228900
71311,76561198205135895,77966.66666666667,233900
71311,76561198205517292,79616.66666666667,238850
71312,76561197993759963,82250.0,164500
71312,76561198004930469,80175.0,160350
71312,76561198029203966,84200.0,168400
71312,76561198061789000,84100.0,168200
71312,76561198103622736,79775.0,159550
71312,76561198118646644,85000.0,170000
71312,76561198154095163,80875.0,161750
71312,76561198169760281,83400.0,166800
71312,76561198324810333,81525.0,163050
71312,76561198350342505,79425.0,158850
71313,76561198020474058,100525.0,201050
71313,76561198076595434,96900.0,193800
71313,76561198090430405,101050.0,202100
71313,76561198131134848,96600.0,193200
71313,76561198135415618,102975.0,205950
71313,76561198140790159,100850.0,201700
71313,76561198141759568,99825.0,199650
71313,76561198183003671,100125.0,200250
71313,76561198189327079,94750.0,189500
71313,76561198276534844,95025.0,190050
71314,76561198054201892,61800.0,123600
71314,76561198061987188,62150.0,124300
71314,76561198076595434,72350.0,144700
71314,76561198090430405,71300.0,142600
71314,76561198131134848,72250.0,144500
71314,76561198140790159,74800.0,149600
71314,76561198189327079,70650.0,141300
71314,76561198210447689,62800.0,125600
71314,76561198214305016,61200.0,122400
71314,76561198442761936,63200.0,126400
71315,76561198020474058,61150.0,122300
71315,76561198061787931,69850.0,139700
71315,76561198061971891,69400.0,138800
71315,76561198067197966,70250.0,140500
71315,76561198079574545,71750.0,143500
71315,76561198135415618,59850.0,119700
71315,76561198141759568,60150.0,120300
71315,76561198183003671,60650.0,121300
71315,76561198276534844,60850.0,121700
71315,76561198353869335,70700.0,141400
71316,76561197985565685,60200.0,60200
71316,76561198043769572,64200.0,64200
71316,76561198045722458,60000.0,60000
71316,76561198058500492,63200.0,63200
71316,76561198060367354,57700.0,57700
71316,76561198164970560,65800.0,65800
71316,76561198189600467,59900.0,59900
71316,76561198195642865,57800.0,57800
71316,76561198281767680,58000.0,58000
71316,76561198388056582,62800.0,62800
71317,76561197961460718,73300.0,73300
71317,76561197964201626,67900.0,67900
71317,76561197984266377,66100.0,66100
71317,76561198014498951,76000.0,76000
71317,76561198049794434,75500.0,75500
71317,76561198074941114,69000.0,69000
71317,76561198091727390,68500.0,68500
71317,76561198135228658,75100.0,75100
71317,76561198272032394,76300.0,76300
71317,76561198394158362,66300.0,66300
71319,76561197999004010,80450.0,80450
71319,76561198015308884,74500.0,74500
71319,76561198023592320,81650.0,81650
71319,76561198025578864,76000.0,76000
71319,76561198036884160,78400.0,78400
71319,76561198054861139,84250.0,84250
71319,76561198054870849,83150.0,83150
71319,76561198130490651,77300.0,77300
71319,76561198156353883,82050.0,82050
71319,76561198249302730,76000.0,76000
71320,76561197996321741,69800.0,69800
71320,76561198021715100,74550.0,74550
71320,76561198034379704,69700.0,69700
71320,76561198064058958,68150.0,68150
71320,76561198098407000,68200.0,68200
71320,76561198143294452,70200.0,70200
71320,76561198191236195,72150.0,72150
71320,76561198255981498,70800.0,70800
71320,76561198272723319,71150.0,71150
71320,76561198306519263,72350.0,72350
71321,76561197960690195,78300.0,78300
71321,76561197964297736,75400.0,75400
71321,76561197994888003,77400.0,77400
71321,76561197996370184,77900.0,77900
71321,76561197999186947,84000.0,84000
71321,76561198009411160,78600.0,78600
71321,76561198016806284,75900.0,75900
71321,76561198018379400,81400.0,81400
71321,76561198058204642,78400.0,78400
71321,76561198130444302,79600.0,79600
71322,76561197995889730,66800.0,66800
71322,76561198001151695,70200.0,70200
71322,76561198006920295,68000.0,68000
71322,76561198011732823,72900.0,72900
71322,76561198018557005,73800.0,73800
71322,76561198039986599,71600.0,71600
71322,76561198047472534,67000.0,67000
71322,76561198066693739,68100.0,68100
71322,76561198080703143,72000.0,72000
71322,76561198365118288,71900.0,71900
71323,76561197994380596,84750.0,84750
71323,76561198003142163,80350.0,80350
71323,76561198006379986,87700.0,87700
71323,76561198010496342,84150.0,84150
71323,76561198054820484,83650.0,83650
71323,76561198067763828,81350.0,81350
71323,76561198120491311,89000.0,89000
71323,76561198216891576,92500.0,92500
71323,76561198242950384,88700.0,88700
71323,76561198857331174,89600.0,89600
71324,76561197986829261,66200.0,198600
71324,76561198018619809,66266.66666666667,198800
71324,76561198050635151,67100.0,201300
71324,76561198079183361,69050.0,207150
71324,76561198093816306,69183.33333333333,207550
71324,76561198107012488,65866.66666666667,197600
71324,76561198152419994,69883.33333333333,209650
71324,76561198160115091,68716.66666666667,206150
71324,76561198246422692,69566.66666666667,208700
71324,76561198347909753,68350.0,205050
71325,76561197964201626,79500.0,79500
71325,76561197984266377,77200.0,77200
71325,76561198045722458,75700.0,75700
71325,76561198060367354,75900.0,75900
71325,76561198074941114,79500.0,79500
71325,76561198091727390,87300.0,87300
71325,76561198189600467,74200.0,74200
71325,76561198195642865,76200.0,76200
71325,76561198281767680,76600.0,76600
71325,76561198394158362,83200.0,83200
71326,76561197960690195,68950.0,68950
71326,76561197996370184,66350.0,66350
71326,76561197999186947,70750.0,70750
71326,76561198014778202,60000.0,60000
71326,76561198014798263,59200.0,59200
71326,76561198018379400,72150.0,72150
71326,76561198130444302,67250.0,67250
71326,76561198166526925,59700.0,59700
71326,76561198436609466,59300.0,59300
71326,76561198988083423,58200.0,58200
71327,76561197964297736,77300.0,77300
71327,76561197972433200,82700.0,82700
71327,76561197994888003,78200.0,78200
71327,76561198009411160,82100.0,82100
71327,76561198016806284,77200.0,77200
71327,76561198028514655,83600.0,83600
71327,76561198043014311,80500.0,80500
71327,76561198045482283,81200.0,81200
71327,76561198058204642,79400.0,79400
71327,76561198099117149,81500.0,81500
71328,76561197961460718,56350.0,56350
71328,76561197985565685,60900.0,60900
71328,76561198014498951,56250.0,56250
71328,76561198043769572,61100.0,61100
71328,76561198049794434,54350.0,54350
71328,76561198058500492,62000.0,62000
71328,76561198135228658,54050.0,54050
71328,76561198164970560,63500.0,63500
71328,76561198272032394,54950.0,54950
71328,76561198388056582,64200.0,64200
71329,76561198011732823,59650.0,59650
71329,76561198018557005,58750.0,58750
71329,76561198021715100,65150.0,65150
71329,76561198039986599,60750.0,60750
71329,76561198064058958,69450.0,69450
71329,76561198080703143,60950.0,60950
71329,76561198191236195,66350.0,66350
71329,76561198272723319,65150.0,65150
71329,76561198306519263,66350.0,66350
71329,76561198365118288,59250.0,59250
71330,76561197995889730,57450.0,57450
71330,76561197996321741,48450.0,48450
71330,76561198001151695,62450.0,62450
71330,76561198006920295,59250.0,59250
71330,76561198034379704,51450.0,51450
71330,76561198047472534,59150.0,59150
71330,76561198066693739,62550.0,62550
71330,76561198098407000,49550.0,49550
71330,76561198143294452,50950.0,50950
71330,76561198255981498,49450.0,49450
71331,76561197978970283,81250.0,243750
71331,76561198027182971,80650.0,241950
71331,76561198035510513,83183.33333333333,249550
71331,76561198060916227,79950.0,239850
71331,76561198062114681,81350.0,244050
71331,76561198071291375,80816.66666666667,242450
71331,76561198115413318,81183.33333333333,243550
71331,76561198153092130,79050.0,237150
71331,76561198803032451,81916.66666666667,245750
71331,76561199046478501,83816.66666666667,251450
71332,76561197983581393,84650.0,169300
71332,76561198027303538,84100.0,168200
71332,76561198051850449,82850.0,165700
71332,76561198114924483,87650.0,175300
71332,76561198138752741,87950.0,175900
71332,76561198140024383,84200.0,168400
71332,76561198150237834,88300.0,176600
71332,76561198185520271,85850.0,171700
71332,76561198261591497,85400.0,170800
71332,76561198423200068,83600.0,167200
71333,76561197999004010,62550.0,62550
71333,76561198006379986,54400.0,54400
71333,76561198023592320,60950.0,60950
71333,76561198054861139,62650.0,62650
71333,76561198054870849,63250.0,63250
71333,76561198120491311,55000.0,55000
71333,76561198156353883,61550.0,61550
71333,76561198216891576,55200.0,55200
71333,76561198242950384,55700.0,55700
71333,76561198857331174,53800.0,53800
71334,76561197994380596,134650.0,134650
71334,76561198003142163,131050.0,131050
71334,76561198010496342,136450.0,136450
71334,76561198015308884,135400.0,135400
71334,76561198025578864,135300.0,135300
71334,76561198036884160,137400.0,137400
71334,76561198054820484,134950.0,134950
71334,76561198067763828,136250.0,136250
71334,76561198130490651,138100.0,138100
71334,76561198249302730,138200.0,138200
71335,76561197989582314,82150.0,82150
71335,76561198011647361,82050.0,82050
71335,76561198031708240,78950.0,78950
71335,76561198048538056,86650.0,86650
71335,76561198064469140,83250.0,83250
71335,76561198153806964,83250.0,83250
71335,76561198158068052,80650.0,80650
71335,76561198215541549,81450.0,81450
71335,76561198328327898,80350.0,80350
71335,76561198862368967,80750.0,80750
71336,76561197961460718,82300.0,82300
71336,76561197964297736,85400.0,85400
71336,76561197994888003,88300.0,88300
71336,76561198009411160,87800.0,87800
71336,76561198014498951,80000.0,80000
71336,76561198016806284,89800.0,89800
71336,76561198049794434,80300.0,80300
71336,76561198058204642,91500.0,91500
71336,76561198135228658,77800.0,77800
71336,76561198272032394,78500.0,78500
71337,76561197999004010,71250.0,71250
71337,76561198011732823,65100.0,65100
71337,76561198018557005,61800.0,61800
71337,76561198023592320,75450.0,75450
71337,76561198039986599,64200.0,64200
71337,76561198054861139,75350.0,75350
71337,76561198054870849,71850.0,71850
71337,76561198080703143,63600.0,63600
71337,76561198156353883,73350.0,73350
71337,76561198365118288,64100.0,64100
71338,76561197995889730,59400.0,59400
71338,76561198001151695,59600.0,59600
71338,76561198006920295,55500.0,55500
71338,76561198015308884,47600.0,47600
71338,76561198025578864,48200.0,48200
71338,76561198036884160,46400.0,46400
71338,76561198047472534,57100.0,57100
71338,76561198066693739,58300.0,58300
71338,76561198130490651,46500.0,46500
71338,76561198249302730,46900.0,46900
71339,76561197964201626,66450.0,66450
71339,76561197984266377,63850.0,63850
71339,76561198014778202,54450.0,54450
71339,76561198014798263,55850.0,55850
71339,76561198074941114,68850.0,68850
71339,76561198091727390,68650.0,68650
71339,76561198166526925,54650.0,54650
71339,76561198394158362,65850.0,65850
71339,76561198436609466,53550.0,53550
71339,76561198988083423,56150.0,56150
71341,76561197972433200,81125.0,162250
71341,76561198006379986,80050.0,160100
71341,76561198028514655,78675.0,157350
71341,76561198043014311,76875.0,153750
71341,76561198045482283,79975.0,159950
71341,76561198099117149,79725.0,159450
71341,76561198120491311,79250.0,158500
71341,76561198216891576,81050.0,162100
71341,76561198242950384,81400.0,162800
71341,76561198857331174,80200.0,160400
71342,76561197986943405,63000.0,126000
71342,76561197997951486,64650.0,129300
71342,76561198020624803,70050.0,140100
71342,76561198040577200,71600.0,143200
71342,76561198084607254,72150.0,144300
71342,76561198107142008,71400.0,142800
71342,76561198129799489,65600.0,131200
71342,76561198176878303,69500.0,139000
71342,76561198193109002,64550.0,129100
71342,76561198316706174,64450.0,128900
71343,76561197960690195,75316.66666666667,225950
71343,76561197994380596,77150.0,231450
71343,76561197996370184,75883.33333333333,227650
71343,76561197999186947,75750.0,227250
71343,76561198003142163,77583.33333333333,232750
71343,76561198010496342,77450.0,232350
71343,76561198018379400,75950.0,227850
71343,76561198054820484,79283.33333333333,237850
71343,76561198067763828,79050.0,237150
71343,76561198130444302,76583.33333333333,229750
71344,76561197996321741,79050.0,79050
71344,76561198034379704,81650.0,81650
71344,76561198045722458,80500.0,80500
71344,76561198060367354,80700.0,80700
71344,76561198098407000,81150.0,81150
71344,76561198143294452,79250.0,79250
71344,76561198189600467,80700.0,80700
71344,76561198195642865,79900.0,79900
71344,76561198255981498,80050.0,80050
71344,76561198281767680,81500.0,81500
71345,76561197985565685,73250.0,146500
71345,76561198021715100,68950.0,137900
71345,76561198043769572,73250.0,146500
71345,76561198058500492,73350.0,146700
71345,76561198064058958,67900.0,135800
71345,76561198164970560,73550.0,147100
71345,76561198191236195,69900.0,139800
71345,76561198272723319,67250.0,134500
71345,76561198306519263,68350.0,136700
71345,76561198388056582,72550.0,145100
71346,76561197973757802,70950.0,70950
71346,76561198020356952,68350.0,68350
71346,76561198027609568,72550.0,72550
71346,76561198044146694,65750.0,65750
71346,76561198060483793,64550.0,64550
71346,76561198065448360,68250.0,68250
71346,76561198129900169,62550.0,62550
71346,76561198186878873,72950.0,72950
71346,76561198262460262,71250.0,71250
71346,76561198329484688,63050.0,63050
71347,76561197991234691,80850.0,80850
71347,76561197998926770,78750.0,78750
71347,76561198044118796,76100.0,76100
71347,76561198052546265,75000.0,75000
71347,76561198067348168,79400.0,79400
71347,76561198073117127,76750.0,76750
71347,76561198083485506,74000.0,74000
71347,76561198120557348,76950.0,76950
71347,76561198158377244,79150.0,79150
71347,76561198178209109,76700.0,76700
71348,76561197979820713,59750.0,59750
71348,76561198000968105,69750.0,69750
71348,76561198071702537,59850.0,59850
71348,76561198085355849,62850.0,62850
71348,76561198138113790,68250.0,68250
71348,76561198150625317,59850.0,59850
71348,76561198155055663,65850.0,65850
71348,76561198215214621,69350.0,69350
71348,76561198260883606,61350.0,61350
71348,76561198260959350,66350.0,66350
71349,76561197962710908,79500.0,79500
71349,76561197976197744,83300.0,83300
71349,76561198013172503,78800.0,78800
71349,76561198035334871,80200.0,80200
71349,76561198054042778,81250.0,81250
71349,76561198072279954,78250.0,78250
71349,76561198080114546,78350.0,78350
71349,76561198197951546,82850.0,82850
71349,76561198222442504,82350.0,82350
71349,76561198258187741,84800.0,84800
71350,76561197963429969,80850.0,80850
71350,76561197979570214,87050.0,87050
71350,76561197980539257,81150.0,81150
71350,76561197980936538,83050.0,83050
71350,76561197985246786,86450.0,86450
71350,76561198082474142,85150.0,85150
71350,76561198115072954,89950.0,89950
71350,76561198157151718,81250.0,81250
71350,76561198245773992,84350.0,84350
71350,76561198372023214,83750.0,83750
71351,76561197973730803,78800.0,78800
71351,76561197996060155,76400.0,76400
71351,76561198005107817,75000.0,75000
71351,76561198061801241,77550.0,77550
71351,76561198064353169,75600.0,75600
71351,76561198068422762,82350.0,82350
71351,76561198078771373,77850.0,77850
71351,76561198093386355,80050.0,80050
71351,76561198176422667,73900.0,73900
71351,76561198355739212,78150.0,78150
71352,76561197980244859,85700.0,85700
71352,76561197999855911,85000.0,85000
71352,76561198017982577,82500.0,82500
71352,76561198027192574,88000.0,88000
71352,76561198033392496,82000.0,82000
71352,76561198039628184,89900.0,89900
71352,76561198077245619,84400.0,84400
71352,76561198110806694,87300.0,87300
71352,76561198114429410,90000.0,90000
71352,76561198146391264,90500.0,90500
71353,76561198018474860,101450.0,101450
71353,76561198025749082,105550.0,105550
71353,76561198081994299,106100.0,106100
71353,76561198084999291,108200.0,108200
71353,76561198086223064,103600.0,103600
71353,76561198159295202,102950.0,102950
71353,76561198164926020,103550.0,103550
71353,76561198168694063,106450.0,106450
71353,76561198174293313,104500.0,104500
71353,76561198272168467,106700.0,106700
71354,76561198030545997,84300.0,168600
71354,76561198030921948,83850.0,167700
71354,76561198047198945,84550.0,169100
71354,76561198071096426,82950.0,165900
71354,76561198152403112,82900.0,165800
71354,76561198190930470,84100.0,168200
71354,76561198363516527,79900.0,159800
71354,76561198851067539,80400.0,160800
71354,76561199009468655,83050.0,166100
71354,76561199132217533,82250.0,164500
71355,76561197963429969,84450.0,84450
71355,76561197980539257,81750.0,81750
71355,76561197980936538,80850.0,80850
71355,76561198061801241,79400.0,79400
71355,76561198068422762,78500.0,78500
71355,76561198078771373,77700.0,77700
71355,76561198093386355,78900.0,78900
71355,76561198157151718,79750.0,79750
71355,76561198355739212,75700.0,75700
71355,76561198372023214,80750.0,80750
71356,76561197991234691,79550.0,79550
71356,76561197998926770,77550.0,77550
71356,76561198027192574,74650.0,74650
71356,76561198039628184,74750.0,74750
71356,76561198073117127,75850.0,75850
71356,76561198110806694,72150.0,72150
71356,76561198114429410,70450.0,70450
71356,76561198120557348,73950.0,73950
71356,76561198146391264,74250.0,74250
71356,76561198158377244,78450.0,78450
71357,76561197962710908,122400.0,122400
71357,76561197973757802,125150.0,125150
71357,76561197976197744,124800.0,124800
71357,76561198013172503,123100.0,123100
71357,76561198027609568,123650.0,123650
71357,76561198035334871,123100.0,123100
71357,76561198065448360,120650.0,120650
71357,76561198186878873,127350.0,127350
71357,76561198258187741,124700.0,124700
71357,76561198262460262,126050.0,126050
